[
    {
        "index_nr": 1,
        "weekNumber": "48",
        "userName": "eryczeslaw",
        "listOfDayWorkouts": [
            {
                "date": "11/28/2022",
                "workouts": [
                    {
                        "index_nr": 1,
                        "name": "wyciskanie na ławce",
                        "description": "5 razy 5 powtórzeń"
                    },
                    {
                        "index_nr": 2,
                        "name": "spacer na bieżni",
                        "description": "20 min"
                    }
                ]
            },
            {
                "date": "11/29/2022",
                "workouts": [
                    {
                        "index_nr": 3,
                        "name": "podciąganie",
                        "description": "5 razy 10 powtórzeń"
                    }
                ]
            },
            {
                "date": "11/30/2022",
                "workouts": [
                    {
                        "index_nr": 2,
                        "name": "spacer na bieżni",
                        "description": "20 min"
                    },
                    {
                        "index_nr": 2,
                        "name": "spacer na bieżni",
                        "description": "20 min"
                    }
                ]
            },
            {
                "date": "12/1/2022",
                "workouts": [
                    {
                        "index_nr": 2,
                        "name": "spacer na bieżni",
                        "description": "20 min"
                    }
                ]
            },
            {
                "date": "12/2/2022",
                "workouts": [
                    {
                        "index_nr": 4,
                        "name": "pompeczki",
                        "description": "5 razy 20 powtórzeń"
                    }
                ]
            }
        ]
    },
    {
        "index_nr": 2,
        "weekNumber": "47",
        "userName": "eryczeslaw",
        "listOfDayWorkouts": [
            {
                "date": "11/21/2022",
                "workouts": [
                    {
                        "index_nr": 1,
                        "name": "wyciskanie na ławce",
                        "description": "5 razy 5 powtórzeń"
                    }
                ]
            },
            {
                "date": "11/22/2022",
                "workouts": [
                    {
                        "index_nr": 1,
                        "name": "wyciskanie na ławce",
                        "description": "5 razy 5 powtórzeń"
                    },
                    {
                        "index_nr": 2,
                        "name": "spacer na bieżni",
                        "description": "20 min"
                    }
                ]
            },
            {
                "date": "11/23/2022",
                "workouts": [
                    {
                        "index_nr": 2,
                        "name": "spacer na bieżni",
                        "description": "20 min"
                    }
                ]
            }
        ]
    },
    {
        "index_nr": 3,
        "weekNumber": "49",
        "userName": "eryczeslaw",
        "listOfDayWorkouts": [
            {
                "date": "12/5/2022",
                "workouts": [
                    {
                        "index_nr": 1,
                        "name": "wyciskanie na ławce",
                        "description": "5 razy 5 powtórzeń"
                    },
                    {
                        "index_nr": 2,
                        "name": "spacer na bieżni",
                        "description": "20 min"
                    }
                ]
            },
            {
                "date": "12/10/2022",
                "workouts": [
                    {
                        "index_nr": 2,
                        "name": "spacer na bieżni",
                        "description": "20 min"
                    }
                ]
            }
        ]
    },
    {
        "index_nr": 4,
        "weekNumber": "47",
        "userName": "eryczeslaw",
        "listOfDayWorkouts": []
    },
    {
        "index_nr": 5,
        "weekNumber": "46",
        "userName": "eryczeslaw",
        "listOfDayWorkouts": []
    },
    {
        "index_nr": 7,
        "weekNumber": "45",
        "userName": "eryczeslaw",
        "listOfDayWorkouts": [
            {
                "date": "11/8/2022",
                "workouts": [
                    {
                        "index_nr": 3,
                        "name": "podciąganie",
                        "description": "5 razy 10 powtórzeń"
                    }
                ]
            }
        ]
    },
    {
        "index_nr": 8,
        "weekNumber": "44",
        "userName": "eryczeslaw",
        "listOfDayWorkouts": [
            {
                "date": "10/2/2022",
                "workouts": [
                    {
                        "index_nr": 2,
                        "name": "spacer na bieżni",
                        "description": "20 min"
                    }
                ]
            }
        ]
    },
    {
        "index_nr": 9,
        "weekNumber": "50",
        "userName": "eryczeslaw",
        "listOfDayWorkouts": []
    },
    {
        "index_nr": 10,
        "weekNumber": "51",
        "userName": "eryczeslaw",
        "listOfDayWorkouts": [
            {
                "date": "12/24/2022",
                "workouts": [
                    {
                        "index_nr": 3,
                        "name": "podciąganie",
                        "description": "5 razy 10 powtórzeń"
                    }
                ]
            }
        ]
    },
    {
        "index_nr": 11,
        "weekNumber": "52",
        "userName": "eryczeslaw",
        "listOfDayWorkouts": []
    }
]