[
    {
        "index_nr": 1,
        "name": "Dawid",
        "age": 2,
        "weight": 0,
        "height": 0,
        "gender": "male"
    },
    {
        "index_nr": 2,
        "name": "Dominika",
        "age": 21,
        "weight": 55,
        "height": 170,
        "gender": "female"
    },
    {
        "index_nr": 3,
        "name": "Eryk",
        "age": 22,
        "weight": 70,
        "height": 178,
        "gender": "Niemale"
    },
    {
        "index_nr": 4,
        "name": "Krzysztof",
        "age": 160,
        "weight": 150,
        "height": 150,
        "gender": "male"
    }
]